class	path
org.alfresco.encryption.EncryptionUtils	/home/nima/Developer/taint-benchmarks/alfresco-community-repo/core/src/main/java/org/alfresco/encryption/EncryptionUtils.java
org.alfresco.encryption.ssl.AuthSSLProtocolSocketFactory	/home/nima/Developer/taint-benchmarks/alfresco-community-repo/core/src/main/java/org/alfresco/encryption/ssl/AuthSSLProtocolSocketFactory.java
org.alfresco.encryption.AlfrescoKeyStore	/home/nima/Developer/taint-benchmarks/alfresco-community-repo/core/src/main/java/org/alfresco/encryption/AlfrescoKeyStore.java
org.alfresco.encryption.KeyResourceLoader	/home/nima/Developer/taint-benchmarks/alfresco-community-repo/core/src/main/java/org/alfresco/encryption/KeyResourceLoader.java
org.alfresco.encryption.KeyStoreParameters	/home/nima/Developer/taint-benchmarks/alfresco-community-repo/core/src/main/java/org/alfresco/encryption/KeyStoreParameters.java
org.alfresco.encryption.InvalidKeystoreException	/home/nima/Developer/taint-benchmarks/alfresco-community-repo/core/src/main/java/org/alfresco/encryption/InvalidKeystoreException.java
org.alfresco.encryption.MissingKeyException	/home/nima/Developer/taint-benchmarks/alfresco-community-repo/core/src/main/java/org/alfresco/encryption/MissingKeyException.java
org.alfresco.util.transaction.SpringAwareUserTransaction	/home/nima/Developer/taint-benchmarks/alfresco-community-repo/core/src/main/java/org/alfresco/util/transaction/SpringAwareUserTransaction.java
org.alfresco.encryption.MACUtils	/home/nima/Developer/taint-benchmarks/alfresco-community-repo/core/src/main/java/org/alfresco/encryption/MACUtils.java
org.alfresco.encryption.MACUtils$MACInput	/home/nima/Developer/taint-benchmarks/alfresco-community-repo/core/src/main/java/org/alfresco/encryption/MACUtils.java
org.alfresco.encryption.MACUtils$MessageInputStream	/home/nima/Developer/taint-benchmarks/alfresco-community-repo/core/src/main/java/org/alfresco/encryption/MACUtils.java
org.alfresco.encryption.KeyProvider	/home/nima/Developer/taint-benchmarks/alfresco-community-repo/core/src/main/java/org/alfresco/encryption/KeyProvider.java
org.alfresco.encryption.CachedKey	/home/nima/Developer/taint-benchmarks/alfresco-community-repo/core/src/main/java/org/alfresco/encryption/CachedKey.java
org.alfresco.web.scripts.servlet.StaticAssetCacheFilter	/home/nima/Developer/taint-benchmarks/alfresco-community-repo/core/src/main/java/org/alfresco/web/scripts/servlet/StaticAssetCacheFilter.java
org.alfresco.query.PagingResults	/home/nima/Developer/taint-benchmarks/alfresco-community-repo/core/src/main/java/org/alfresco/query/PagingResults.java
org.alfresco.api.AlfrescoPublicApi	/home/nima/Developer/taint-benchmarks/alfresco-community-repo/core/src/main/java/org/alfresco/api/AlfrescoPublicApi.java
org.alfresco.util.Pair	/home/nima/Developer/taint-benchmarks/alfresco-community-repo/core/src/main/java/org/alfresco/util/Pair.java
org.alfresco.util.bean.HierarchicalBeanLoader	/home/nima/Developer/taint-benchmarks/alfresco-community-repo/core/src/main/java/org/alfresco/util/bean/HierarchicalBeanLoader.java
org.alfresco.encryption.SpringKeyResourceLoader	/home/nima/Developer/taint-benchmarks/alfresco-community-repo/core/src/main/java/org/alfresco/encryption/SpringKeyResourceLoader.java
org.alfresco.httpclient.Request	/home/nima/Developer/taint-benchmarks/alfresco-community-repo/core/src/main/java/org/alfresco/httpclient/Request.java
org.alfresco.util.LogUtil	/home/nima/Developer/taint-benchmarks/alfresco-community-repo/core/src/main/java/org/alfresco/util/LogUtil.java
org.alfresco.util.collections.Function	/home/nima/Developer/taint-benchmarks/alfresco-community-repo/core/src/main/java/org/alfresco/util/collections/Function.java
org.alfresco.util.Deleter	/home/nima/Developer/taint-benchmarks/alfresco-community-repo/core/src/main/java/org/alfresco/util/Deleter.java
org.alfresco.query.CannedQueryResults	/home/nima/Developer/taint-benchmarks/alfresco-community-repo/core/src/main/java/org/alfresco/query/CannedQueryResults.java
org.alfresco.query.CannedQuery	/home/nima/Developer/taint-benchmarks/alfresco-community-repo/core/src/main/java/org/alfresco/query/CannedQuery.java
org.alfresco.query.CannedQueryParameters	/home/nima/Developer/taint-benchmarks/alfresco-community-repo/core/src/main/java/org/alfresco/query/CannedQueryParameters.java
org.alfresco.query.CannedQueryPageDetails	/home/nima/Developer/taint-benchmarks/alfresco-community-repo/core/src/main/java/org/alfresco/query/CannedQueryPageDetails.java
org.alfresco.query.CannedQuerySortDetails	/home/nima/Developer/taint-benchmarks/alfresco-community-repo/core/src/main/java/org/alfresco/query/CannedQuerySortDetails.java
org.alfresco.query.CannedQuerySortDetails$SortOrder	/home/nima/Developer/taint-benchmarks/alfresco-community-repo/core/src/main/java/org/alfresco/query/CannedQuerySortDetails.java
org.alfresco.query.PagingRequest	/home/nima/Developer/taint-benchmarks/alfresco-community-repo/core/src/main/java/org/alfresco/query/PagingRequest.java
org.alfresco.encryption.KeysReport	/home/nima/Developer/taint-benchmarks/alfresco-community-repo/core/src/main/java/org/alfresco/encryption/KeysReport.java
org.alfresco.util.transaction.TransactionListener	/home/nima/Developer/taint-benchmarks/alfresco-community-repo/core/src/main/java/org/alfresco/util/transaction/TransactionListener.java
org.alfresco.util.MaxSizeMap	/home/nima/Developer/taint-benchmarks/alfresco-community-repo/core/src/main/java/org/alfresco/util/MaxSizeMap.java
org.alfresco.util.collections.CollectionUtils	/home/nima/Developer/taint-benchmarks/alfresco-community-repo/core/src/main/java/org/alfresco/util/collections/CollectionUtils.java
org.alfresco.util.collections.CollectionUtils$1	/home/nima/Developer/taint-benchmarks/alfresco-community-repo/core/src/main/java/org/alfresco/util/collections/CollectionUtils.java
org.alfresco.util.collections.CollectionUtils$2	/home/nima/Developer/taint-benchmarks/alfresco-community-repo/core/src/main/java/org/alfresco/util/collections/CollectionUtils.java
org.alfresco.util.collections.CollectionUtils$3	/home/nima/Developer/taint-benchmarks/alfresco-community-repo/core/src/main/java/org/alfresco/util/collections/CollectionUtils.java
org.alfresco.util.collections.CollectionUtils$4	/home/nima/Developer/taint-benchmarks/alfresco-community-repo/core/src/main/java/org/alfresco/util/collections/CollectionUtils.java
org.alfresco.util.collections.Filter	/home/nima/Developer/taint-benchmarks/alfresco-community-repo/core/src/main/java/org/alfresco/util/collections/Filter.java
org.alfresco.util.random.NormalDistributionHelper	/home/nima/Developer/taint-benchmarks/alfresco-community-repo/core/src/main/java/org/alfresco/util/random/NormalDistributionHelper.java
org.alfresco.util.log.log4j.Log4JNDC	/home/nima/Developer/taint-benchmarks/alfresco-community-repo/core/src/main/java/org/alfresco/util/log/log4j/Log4JNDC.java
org.alfresco.util.log.NDCDelegate	/home/nima/Developer/taint-benchmarks/alfresco-community-repo/core/src/main/java/org/alfresco/util/log/NDCDelegate.java
org.alfresco.util.exec.RuntimeExec	/home/nima/Developer/taint-benchmarks/alfresco-community-repo/core/src/main/java/org/alfresco/util/exec/RuntimeExec.java
org.alfresco.util.exec.RuntimeExec$1	/home/nima/Developer/taint-benchmarks/alfresco-community-repo/core/src/main/java/org/alfresco/util/exec/RuntimeExec.java
org.alfresco.util.exec.RuntimeExec$ExecutionResult	/home/nima/Developer/taint-benchmarks/alfresco-community-repo/core/src/main/java/org/alfresco/util/exec/RuntimeExec.java
org.alfresco.util.exec.RuntimeExec$InputStreamReaderThread	/home/nima/Developer/taint-benchmarks/alfresco-community-repo/core/src/main/java/org/alfresco/util/exec/RuntimeExec.java
org.alfresco.util.ISO8601DateFormat	/home/nima/Developer/taint-benchmarks/alfresco-community-repo/core/src/main/java/org/alfresco/util/ISO8601DateFormat.java
org.alfresco.util.exec.ExecParameterTokenizer	/home/nima/Developer/taint-benchmarks/alfresco-community-repo/core/src/main/java/org/alfresco/util/exec/ExecParameterTokenizer.java
org.alfresco.util.exec.ExecParameterTokenizer$Substring	/home/nima/Developer/taint-benchmarks/alfresco-community-repo/core/src/main/java/org/alfresco/util/exec/ExecParameterTokenizer.java
org.alfresco.util.exec.ExecParameterTokenizer$UnquotedSubstring	/home/nima/Developer/taint-benchmarks/alfresco-community-repo/core/src/main/java/org/alfresco/util/exec/ExecParameterTokenizer.java
org.alfresco.util.exec.ExecParameterTokenizer$QuotedSubstring	/home/nima/Developer/taint-benchmarks/alfresco-community-repo/core/src/main/java/org/alfresco/util/exec/ExecParameterTokenizer.java
org.alfresco.httpclient.SecureHttpClient	/home/nima/Developer/taint-benchmarks/alfresco-community-repo/core/src/main/java/org/alfresco/httpclient/SecureHttpClient.java
org.alfresco.httpclient.HttpClientException	/home/nima/Developer/taint-benchmarks/alfresco-community-repo/core/src/main/java/org/alfresco/httpclient/HttpClientException.java
org.alfresco.error.AlfrescoRuntimeException	/home/nima/Developer/taint-benchmarks/alfresco-community-repo/core/src/main/java/org/alfresco/error/AlfrescoRuntimeException.java
org.alfresco.query.AbstractCachingCannedQueryFactory	/home/nima/Developer/taint-benchmarks/alfresco-community-repo/core/src/main/java/org/alfresco/query/AbstractCachingCannedQueryFactory.java
org.alfresco.query.AbstractCachingCannedQueryFactory$CannedQueryCacheFacade	/home/nima/Developer/taint-benchmarks/alfresco-community-repo/core/src/main/java/org/alfresco/query/AbstractCachingCannedQueryFactory.java
org.alfresco.query.AbstractCannedQueryFactory	/home/nima/Developer/taint-benchmarks/alfresco-community-repo/core/src/main/java/org/alfresco/query/AbstractCannedQueryFactory.java
org.alfresco.query.CannedQueryFactory	/home/nima/Developer/taint-benchmarks/alfresco-community-repo/core/src/main/java/org/alfresco/query/CannedQueryFactory.java
org.alfresco.util.registry.NamedObjectRegistry	/home/nima/Developer/taint-benchmarks/alfresco-community-repo/core/src/main/java/org/alfresco/util/registry/NamedObjectRegistry.java
org.alfresco.query.AbstractCannedQuery	/home/nima/Developer/taint-benchmarks/alfresco-community-repo/core/src/main/java/org/alfresco/query/AbstractCannedQuery.java
org.alfresco.query.AbstractCannedQuery$1	/home/nima/Developer/taint-benchmarks/alfresco-community-repo/core/src/main/java/org/alfresco/query/AbstractCannedQuery.java
org.alfresco.encryption.GenerateSecretKey	/home/nima/Developer/taint-benchmarks/alfresco-community-repo/core/src/main/java/org/alfresco/encryption/GenerateSecretKey.java
org.alfresco.httpclient.HttpMethodResponse	/home/nima/Developer/taint-benchmarks/alfresco-community-repo/core/src/main/java/org/alfresco/httpclient/HttpMethodResponse.java
org.alfresco.httpclient.Response	/home/nima/Developer/taint-benchmarks/alfresco-community-repo/core/src/main/java/org/alfresco/httpclient/Response.java
org.alfresco.util.collections.EntryTransformer	/home/nima/Developer/taint-benchmarks/alfresco-community-repo/core/src/main/java/org/alfresco/util/collections/EntryTransformer.java
org.alfresco.util.SchedulerStarterBean	/home/nima/Developer/taint-benchmarks/alfresco-community-repo/core/src/main/java/org/alfresco/util/SchedulerStarterBean.java
org.alfresco.util.exec.RuntimeExecBootstrapBean	/home/nima/Developer/taint-benchmarks/alfresco-community-repo/core/src/main/java/org/alfresco/util/exec/RuntimeExecBootstrapBean.java
org.alfresco.util.exec.RuntimeExecBootstrapBean$KillProcessShutdownThread	/home/nima/Developer/taint-benchmarks/alfresco-community-repo/core/src/main/java/org/alfresco/util/exec/RuntimeExecBootstrapBean.java
org.alfresco.util.bean.BooleanBean	/home/nima/Developer/taint-benchmarks/alfresco-community-repo/core/src/main/java/org/alfresco/util/bean/BooleanBean.java
org.alfresco.httpclient.MD5EncryptionParameters	/home/nima/Developer/taint-benchmarks/alfresco-community-repo/core/src/main/java/org/alfresco/httpclient/MD5EncryptionParameters.java
org.alfresco.httpclient.HttpClientFactory	/home/nima/Developer/taint-benchmarks/alfresco-community-repo/core/src/main/java/org/alfresco/httpclient/HttpClientFactory.java
org.alfresco.httpclient.HttpClientFactory$SecureCommsType	/home/nima/Developer/taint-benchmarks/alfresco-community-repo/core/src/main/java/org/alfresco/httpclient/HttpClientFactory.java
org.alfresco.httpclient.HttpClientFactory$HttpsClient	/home/nima/Developer/taint-benchmarks/alfresco-community-repo/core/src/main/java/org/alfresco/httpclient/HttpClientFactory.java
org.alfresco.httpclient.HttpClientFactory$DefaultHttpClient	/home/nima/Developer/taint-benchmarks/alfresco-community-repo/core/src/main/java/org/alfresco/httpclient/HttpClientFactory.java
org.alfresco.httpclient.HttpClientFactory$SecureHttpMethodResponse	/home/nima/Developer/taint-benchmarks/alfresco-community-repo/core/src/main/java/org/alfresco/httpclient/HttpClientFactory.java
org.alfresco.httpclient.HttpClientFactory$HttpHostFactory	/home/nima/Developer/taint-benchmarks/alfresco-community-repo/core/src/main/java/org/alfresco/httpclient/HttpClientFactory.java
org.alfresco.httpclient.HttpClientFactory$HostConfigurationWithHostFactory	/home/nima/Developer/taint-benchmarks/alfresco-community-repo/core/src/main/java/org/alfresco/httpclient/HttpClientFactory.java
org.alfresco.httpclient.HttpClientFactory$NonBlockingHttpParamsFactory	/home/nima/Developer/taint-benchmarks/alfresco-community-repo/core/src/main/java/org/alfresco/httpclient/HttpClientFactory.java
org.alfresco.httpclient.HttpClientFactory$NonBlockingHttpParams	/home/nima/Developer/taint-benchmarks/alfresco-community-repo/core/src/main/java/org/alfresco/httpclient/HttpClientFactory.java
org.alfresco.encryption.ssl.SSLEncryptionParameters	/home/nima/Developer/taint-benchmarks/alfresco-community-repo/core/src/main/java/org/alfresco/encryption/ssl/SSLEncryptionParameters.java
org.alfresco.httpclient.RequestHeadersHttpClient	/home/nima/Developer/taint-benchmarks/alfresco-community-repo/core/src/main/java/org/alfresco/httpclient/RequestHeadersHttpClient.java
org.alfresco.httpclient.AlfrescoHttpClient	/home/nima/Developer/taint-benchmarks/alfresco-community-repo/core/src/main/java/org/alfresco/httpclient/AlfrescoHttpClient.java
org.alfresco.httpclient.AuthenticationException	/home/nima/Developer/taint-benchmarks/alfresco-community-repo/core/src/main/java/org/alfresco/httpclient/AuthenticationException.java
org.alfresco.httpclient.AbstractHttpClient	/home/nima/Developer/taint-benchmarks/alfresco-community-repo/core/src/main/java/org/alfresco/httpclient/AbstractHttpClient.java
org.alfresco.httpclient.GetRequest	/home/nima/Developer/taint-benchmarks/alfresco-community-repo/core/src/main/java/org/alfresco/httpclient/GetRequest.java
org.alfresco.encryption.FallbackEncryptor	/home/nima/Developer/taint-benchmarks/alfresco-community-repo/core/src/main/java/org/alfresco/encryption/FallbackEncryptor.java
org.alfresco.encryption.Encryptor	/home/nima/Developer/taint-benchmarks/alfresco-community-repo/core/src/main/java/org/alfresco/encryption/Encryptor.java
org.alfresco.httpclient.HttpClientConfig	/home/nima/Developer/taint-benchmarks/alfresco-community-repo/core/src/main/java/org/alfresco/httpclient/HttpClientConfig.java
org.alfresco.httpclient.HttpClientConfig$HttpClientPropertiesEnum	/home/nima/Developer/taint-benchmarks/alfresco-community-repo/core/src/main/java/org/alfresco/httpclient/HttpClientConfig.java
org.alfresco.encryption.DefaultFallbackEncryptor	/home/nima/Developer/taint-benchmarks/alfresco-community-repo/core/src/main/java/org/alfresco/encryption/DefaultFallbackEncryptor.java
org.alfresco.util.shard.ExplicitShardingPolicy	/home/nima/Developer/taint-benchmarks/alfresco-community-repo/core/src/main/java/org/alfresco/util/shard/ExplicitShardingPolicy.java
org.alfresco.util.ReadWriteLockExecuter	/home/nima/Developer/taint-benchmarks/alfresco-community-repo/core/src/main/java/org/alfresco/util/ReadWriteLockExecuter.java
org.alfresco.util.ReflectionHelper	/home/nima/Developer/taint-benchmarks/alfresco-community-repo/core/src/main/java/org/alfresco/util/ReflectionHelper.java
org.alfresco.util.Debug	/home/nima/Developer/taint-benchmarks/alfresco-community-repo/core/src/main/java/org/alfresco/util/Debug.java
org.alfresco.util.OneToManyHashMap	/home/nima/Developer/taint-benchmarks/alfresco-community-repo/core/src/main/java/org/alfresco/util/OneToManyHashMap.java
org.alfresco.util.OneToManyHashMap$1	/home/nima/Developer/taint-benchmarks/alfresco-community-repo/core/src/main/java/org/alfresco/util/OneToManyHashMap.java
org.alfresco.util.OneToManyMap	/home/nima/Developer/taint-benchmarks/alfresco-community-repo/core/src/main/java/org/alfresco/util/OneToManyMap.java
org.alfresco.util.transaction.TransactionListenerAdapter	/home/nima/Developer/taint-benchmarks/alfresco-community-repo/core/src/main/java/org/alfresco/util/transaction/TransactionListenerAdapter.java
org.alfresco.encryption.EncryptingOutputStream	/home/nima/Developer/taint-benchmarks/alfresco-community-repo/core/src/main/java/org/alfresco/encryption/EncryptingOutputStream.java
org.alfresco.query.EmptyPagingResults	/home/nima/Developer/taint-benchmarks/alfresco-community-repo/core/src/main/java/org/alfresco/query/EmptyPagingResults.java
org.alfresco.util.JMXUtils	/home/nima/Developer/taint-benchmarks/alfresco-community-repo/core/src/main/java/org/alfresco/util/JMXUtils.java
org.alfresco.config.SystemPropertiesSetterBean	/home/nima/Developer/taint-benchmarks/alfresco-community-repo/core/src/main/java/org/alfresco/config/SystemPropertiesSetterBean.java
org.alfresco.processor.Processor	/home/nima/Developer/taint-benchmarks/alfresco-community-repo/core/src/main/java/org/alfresco/processor/Processor.java
org.alfresco.processor.ProcessorExtension	/home/nima/Developer/taint-benchmarks/alfresco-community-repo/core/src/main/java/org/alfresco/processor/ProcessorExtension.java
org.alfresco.util.PackageMarker	/home/nima/Developer/taint-benchmarks/alfresco-community-repo/core/src/main/java/org/alfresco/util/PackageMarker.java
org.alfresco.util.PatternFilter	/home/nima/Developer/taint-benchmarks/alfresco-community-repo/core/src/main/java/org/alfresco/util/PatternFilter.java
org.alfresco.util.BridgeTable	/home/nima/Developer/taint-benchmarks/alfresco-community-repo/core/src/main/java/org/alfresco/util/BridgeTable.java
org.alfresco.util.BridgeTable$Counter	/home/nima/Developer/taint-benchmarks/alfresco-community-repo/core/src/main/java/org/alfresco/util/BridgeTable.java
org.alfresco.util.IPUtils	/home/nima/Developer/taint-benchmarks/alfresco-community-repo/core/src/main/java/org/alfresco/util/IPUtils.java
org.alfresco.query.CannedQueryException	/home/nima/Developer/taint-benchmarks/alfresco-community-repo/core/src/main/java/org/alfresco/query/CannedQueryException.java
org.alfresco.query.PermissionedResults	/home/nima/Developer/taint-benchmarks/alfresco-community-repo/core/src/main/java/org/alfresco/query/PermissionedResults.java
org.alfresco.util.collections.JsonUtils	/home/nima/Developer/taint-benchmarks/alfresco-community-repo/core/src/main/java/org/alfresco/util/collections/JsonUtils.java
org.alfresco.scripts.ScriptResourceLoader	/home/nima/Developer/taint-benchmarks/alfresco-community-repo/core/src/main/java/org/alfresco/scripts/ScriptResourceLoader.java
org.alfresco.util.OneToManyHashBiMap	/home/nima/Developer/taint-benchmarks/alfresco-community-repo/core/src/main/java/org/alfresco/util/OneToManyHashBiMap.java
org.alfresco.util.OneToManyBiMap	/home/nima/Developer/taint-benchmarks/alfresco-community-repo/core/src/main/java/org/alfresco/util/OneToManyBiMap.java
org.alfresco.util.FileFilterMode	/home/nima/Developer/taint-benchmarks/alfresco-community-repo/core/src/main/java/org/alfresco/util/FileFilterMode.java
org.alfresco.util.FileFilterMode$Client	/home/nima/Developer/taint-benchmarks/alfresco-community-repo/core/src/main/java/org/alfresco/util/FileFilterMode.java
org.alfresco.util.FileFilterMode$Mode	/home/nima/Developer/taint-benchmarks/alfresco-community-repo/core/src/main/java/org/alfresco/util/FileFilterMode.java
org.alfresco.util.FileFilterMode$1	/home/nima/Developer/taint-benchmarks/alfresco-community-repo/core/src/main/java/org/alfresco/util/FileFilterMode.java
org.alfresco.util.cache.RefreshableCacheListener	/home/nima/Developer/taint-benchmarks/alfresco-community-repo/core/src/main/java/org/alfresco/util/cache/RefreshableCacheListener.java
org.alfresco.util.cache.RefreshableCacheEvent	/home/nima/Developer/taint-benchmarks/alfresco-community-repo/core/src/main/java/org/alfresco/util/cache/RefreshableCacheEvent.java
org.alfresco.util.LockHelper	/home/nima/Developer/taint-benchmarks/alfresco-community-repo/core/src/main/java/org/alfresco/util/LockHelper.java
org.alfresco.util.LockHelper$LockTryException	/home/nima/Developer/taint-benchmarks/alfresco-community-repo/core/src/main/java/org/alfresco/util/LockHelper.java
org.alfresco.error.ExceptionStackUtil	/home/nima/Developer/taint-benchmarks/alfresco-community-repo/core/src/main/java/org/alfresco/error/ExceptionStackUtil.java
org.alfresco.util.transaction.TransactionSupportUtil	/home/nima/Developer/taint-benchmarks/alfresco-community-repo/core/src/main/java/org/alfresco/util/transaction/TransactionSupportUtil.java
org.alfresco.util.transaction.TransactionSupportUtil$ResourcesHolder	/home/nima/Developer/taint-benchmarks/alfresco-community-repo/core/src/main/java/org/alfresco/util/transaction/TransactionSupportUtil.java
org.alfresco.util.transaction.TransactionSupportUtil$TransactionSynchronizationImpl	/home/nima/Developer/taint-benchmarks/alfresco-community-repo/core/src/main/java/org/alfresco/util/transaction/TransactionSupportUtil.java
org.alfresco.util.transaction.TransactionSupportUtil$1	/home/nima/Developer/taint-benchmarks/alfresco-community-repo/core/src/main/java/org/alfresco/util/transaction/TransactionSupportUtil.java
org.alfresco.util.transaction.TransactionSupportUtil$2	/home/nima/Developer/taint-benchmarks/alfresco-community-repo/core/src/main/java/org/alfresco/util/transaction/TransactionSupportUtil.java
org.alfresco.encoding.BomCharactersetFinder	/home/nima/Developer/taint-benchmarks/alfresco-community-repo/core/src/main/java/org/alfresco/encoding/BomCharactersetFinder.java
org.alfresco.encoding.AbstractCharactersetFinder	/home/nima/Developer/taint-benchmarks/alfresco-community-repo/core/src/main/java/org/alfresco/encoding/AbstractCharactersetFinder.java
org.alfresco.encoding.CharactersetFinder	/home/nima/Developer/taint-benchmarks/alfresco-community-repo/core/src/main/java/org/alfresco/encoding/CharactersetFinder.java
org.alfresco.web.scripts.servlet.X509ServletFilterBase	/home/nima/Developer/taint-benchmarks/alfresco-community-repo/core/src/main/java/org/alfresco/web/scripts/servlet/X509ServletFilterBase.java
org.alfresco.util.SerializationUtils	/home/nima/Developer/taint-benchmarks/alfresco-community-repo/core/src/main/java/org/alfresco/util/SerializationUtils.java
org.alfresco.util.LogAdapter	/home/nima/Developer/taint-benchmarks/alfresco-community-repo/core/src/main/java/org/alfresco/util/LogAdapter.java
org.alfresco.query.ListBackedPagingResults	/home/nima/Developer/taint-benchmarks/alfresco-community-repo/core/src/main/java/org/alfresco/query/ListBackedPagingResults.java
org.alfresco.httpclient.HttpClient4Factory	/home/nima/Developer/taint-benchmarks/alfresco-community-repo/core/src/main/java/org/alfresco/httpclient/HttpClient4Factory.java
org.alfresco.error.StackTraceUtil	/home/nima/Developer/taint-benchmarks/alfresco-community-repo/core/src/main/java/org/alfresco/error/StackTraceUtil.java
org.alfresco.util.EqualsHelper	/home/nima/Developer/taint-benchmarks/alfresco-community-repo/core/src/main/java/org/alfresco/util/EqualsHelper.java
org.alfresco.util.EqualsHelper$MapValueComparison	/home/nima/Developer/taint-benchmarks/alfresco-community-repo/core/src/main/java/org/alfresco/util/EqualsHelper.java
org.alfresco.util.VmShutdownListener	/home/nima/Developer/taint-benchmarks/alfresco-community-repo/core/src/main/java/org/alfresco/util/VmShutdownListener.java
org.alfresco.util.VmShutdownListener$1	/home/nima/Developer/taint-benchmarks/alfresco-community-repo/core/src/main/java/org/alfresco/util/VmShutdownListener.java
org.alfresco.util.VmShutdownListener$VmShutdownException	/home/nima/Developer/taint-benchmarks/alfresco-community-repo/core/src/main/java/org/alfresco/util/VmShutdownListener.java
org.alfresco.util.InputStreamContent	/home/nima/Developer/taint-benchmarks/alfresco-community-repo/core/src/main/java/org/alfresco/util/InputStreamContent.java
org.alfresco.util.Content	/home/nima/Developer/taint-benchmarks/alfresco-community-repo/core/src/main/java/org/alfresco/util/Content.java
org.alfresco.util.ArgumentHelper	/home/nima/Developer/taint-benchmarks/alfresco-community-repo/core/src/main/java/org/alfresco/util/ArgumentHelper.java
org.alfresco.encryption.AbstractEncryptor	/home/nima/Developer/taint-benchmarks/alfresco-community-repo/core/src/main/java/org/alfresco/encryption/AbstractEncryptor.java
org.alfresco.util.TraceableThreadFactory	/home/nima/Developer/taint-benchmarks/alfresco-community-repo/core/src/main/java/org/alfresco/util/TraceableThreadFactory.java
org.alfresco.config.JndiPropertyPlaceholderConfigurer	/home/nima/Developer/taint-benchmarks/alfresco-community-repo/core/src/main/java/org/alfresco/config/JndiPropertyPlaceholderConfigurer.java
org.alfresco.encryption.EncryptionKeysRegistry	/home/nima/Developer/taint-benchmarks/alfresco-community-repo/core/src/main/java/org/alfresco/encryption/EncryptionKeysRegistry.java
org.alfresco.encryption.EncryptionKeysRegistry$KEY_STATUS	/home/nima/Developer/taint-benchmarks/alfresco-community-repo/core/src/main/java/org/alfresco/encryption/EncryptionKeysRegistry.java
org.alfresco.util.TempFileProvider	/home/nima/Developer/taint-benchmarks/alfresco-community-repo/core/src/main/java/org/alfresco/util/TempFileProvider.java
org.alfresco.util.TempFileProvider$TempFileCleanerJob	/home/nima/Developer/taint-benchmarks/alfresco-community-repo/core/src/main/java/org/alfresco/util/TempFileProvider.java
org.alfresco.util.CachingDateFormat	/home/nima/Developer/taint-benchmarks/alfresco-community-repo/core/src/main/java/org/alfresco/util/CachingDateFormat.java
org.alfresco.util.CachingDateFormat$StringAndResolution	/home/nima/Developer/taint-benchmarks/alfresco-community-repo/core/src/main/java/org/alfresco/util/CachingDateFormat.java
org.alfresco.util.CachingDateFormat$SimpleDateFormatAndResolution	/home/nima/Developer/taint-benchmarks/alfresco-community-repo/core/src/main/java/org/alfresco/util/CachingDateFormat.java
org.alfresco.util.exec.RuntimeExecShutdownBean	/home/nima/Developer/taint-benchmarks/alfresco-community-repo/core/src/main/java/org/alfresco/util/exec/RuntimeExecShutdownBean.java
org.alfresco.util.exec.RuntimeExecShutdownBean$ShutdownThread	/home/nima/Developer/taint-benchmarks/alfresco-community-repo/core/src/main/java/org/alfresco/util/exec/RuntimeExecShutdownBean.java
org.alfresco.util.ExpiringValueCache	/home/nima/Developer/taint-benchmarks/alfresco-community-repo/core/src/main/java/org/alfresco/util/ExpiringValueCache.java
org.alfresco.util.cache.AbstractAsynchronouslyRefreshedCache	/home/nima/Developer/taint-benchmarks/alfresco-community-repo/core/src/main/java/org/alfresco/util/cache/AbstractAsynchronouslyRefreshedCache.java
org.alfresco.util.cache.AbstractAsynchronouslyRefreshedCache$RefreshState	/home/nima/Developer/taint-benchmarks/alfresco-community-repo/core/src/main/java/org/alfresco/util/cache/AbstractAsynchronouslyRefreshedCache.java
org.alfresco.util.cache.AbstractAsynchronouslyRefreshedCache$Refresh	/home/nima/Developer/taint-benchmarks/alfresco-community-repo/core/src/main/java/org/alfresco/util/cache/AbstractAsynchronouslyRefreshedCache.java
org.alfresco.util.cache.AbstractAsynchronouslyRefreshedCache$TransactionData	/home/nima/Developer/taint-benchmarks/alfresco-community-repo/core/src/main/java/org/alfresco/util/cache/AbstractAsynchronouslyRefreshedCache.java
org.alfresco.util.cache.AsynchronouslyRefreshedCache	/home/nima/Developer/taint-benchmarks/alfresco-community-repo/core/src/main/java/org/alfresco/util/cache/AsynchronouslyRefreshedCache.java
org.alfresco.util.cache.RefreshableCache	/home/nima/Developer/taint-benchmarks/alfresco-community-repo/core/src/main/java/org/alfresco/util/cache/RefreshableCache.java
org.alfresco.util.cache.AsynchronouslyRefreshedCacheRegistry	/home/nima/Developer/taint-benchmarks/alfresco-community-repo/core/src/main/java/org/alfresco/util/cache/AsynchronouslyRefreshedCacheRegistry.java
org.alfresco.util.GUID	/home/nima/Developer/taint-benchmarks/alfresco-community-repo/core/src/main/java/org/alfresco/util/GUID.java
org.alfresco.config.JndiPropertiesFactoryBean	/home/nima/Developer/taint-benchmarks/alfresco-community-repo/core/src/main/java/org/alfresco/config/JndiPropertiesFactoryBean.java
org.alfresco.config.SystemPropertiesFactoryBean	/home/nima/Developer/taint-benchmarks/alfresco-community-repo/core/src/main/java/org/alfresco/config/SystemPropertiesFactoryBean.java
org.alfresco.util.cache.RefreshableCacheRefreshEvent	/home/nima/Developer/taint-benchmarks/alfresco-community-repo/core/src/main/java/org/alfresco/util/cache/RefreshableCacheRefreshEvent.java
org.alfresco.util.cache.AbstractRefreshableCacheEvent	/home/nima/Developer/taint-benchmarks/alfresco-community-repo/core/src/main/java/org/alfresco/util/cache/AbstractRefreshableCacheEvent.java
org.alfresco.encryption.DefaultEncryptionUtils	/home/nima/Developer/taint-benchmarks/alfresco-community-repo/core/src/main/java/org/alfresco/encryption/DefaultEncryptionUtils.java
org.alfresco.encryption.KeystoreKeyProvider	/home/nima/Developer/taint-benchmarks/alfresco-community-repo/core/src/main/java/org/alfresco/encryption/KeystoreKeyProvider.java
org.alfresco.encryption.AbstractKeyProvider	/home/nima/Developer/taint-benchmarks/alfresco-community-repo/core/src/main/java/org/alfresco/encryption/AbstractKeyProvider.java
org.alfresco.httpclient.HeadRequest	/home/nima/Developer/taint-benchmarks/alfresco-community-repo/core/src/main/java/org/alfresco/httpclient/HeadRequest.java
org.alfresco.config.PathMatchingHelper	/home/nima/Developer/taint-benchmarks/alfresco-community-repo/core/src/main/java/org/alfresco/config/PathMatchingHelper.java
org.alfresco.util.transaction.ConnectionPoolException	/home/nima/Developer/taint-benchmarks/alfresco-community-repo/core/src/main/java/org/alfresco/util/transaction/ConnectionPoolException.java
org.alfresco.util.log.NDC	/home/nima/Developer/taint-benchmarks/alfresco-community-repo/core/src/main/java/org/alfresco/util/log/NDC.java
org.alfresco.encryption.KeyMap	/home/nima/Developer/taint-benchmarks/alfresco-community-repo/core/src/main/java/org/alfresco/encryption/KeyMap.java
org.alfresco.encoding.GuessEncodingCharsetFinder	/home/nima/Developer/taint-benchmarks/alfresco-community-repo/core/src/main/java/org/alfresco/encoding/GuessEncodingCharsetFinder.java
org.alfresco.encoding.GuessEncodingCharsetFinder$DummyCharset	/home/nima/Developer/taint-benchmarks/alfresco-community-repo/core/src/main/java/org/alfresco/encoding/GuessEncodingCharsetFinder.java
org.alfresco.encryption.DefaultEncryptor	/home/nima/Developer/taint-benchmarks/alfresco-community-repo/core/src/main/java/org/alfresco/encryption/DefaultEncryptor.java
org.alfresco.encryption.DefaultEncryptor$CipherKey	/home/nima/Developer/taint-benchmarks/alfresco-community-repo/core/src/main/java/org/alfresco/encryption/DefaultEncryptor.java
org.alfresco.encryption.DefaultEncryptor$CachedCipher	/home/nima/Developer/taint-benchmarks/alfresco-community-repo/core/src/main/java/org/alfresco/encryption/DefaultEncryptor.java
org.alfresco.util.Convert	/home/nima/Developer/taint-benchmarks/alfresco-community-repo/core/src/main/java/org/alfresco/util/Convert.java
org.alfresco.util.ParameterCheck	/home/nima/Developer/taint-benchmarks/alfresco-community-repo/core/src/main/java/org/alfresco/util/ParameterCheck.java
org.alfresco.util.Triple	/home/nima/Developer/taint-benchmarks/alfresco-community-repo/core/src/main/java/org/alfresco/util/Triple.java
org.alfresco.util.PropertyCheck	/home/nima/Developer/taint-benchmarks/alfresco-community-repo/core/src/main/java/org/alfresco/util/PropertyCheck.java
org.alfresco.util.TriggerBeanSPI	/home/nima/Developer/taint-benchmarks/alfresco-community-repo/core/src/main/java/org/alfresco/util/TriggerBeanSPI.java
org.alfresco.scripts.ScriptException	/home/nima/Developer/taint-benchmarks/alfresco-community-repo/core/src/main/java/org/alfresco/scripts/ScriptException.java
org.alfresco.config.NonBlockingLazyInitTargetSource	/home/nima/Developer/taint-benchmarks/alfresco-community-repo/core/src/main/java/org/alfresco/config/NonBlockingLazyInitTargetSource.java
org.alfresco.scripts.ScriptResourceHelper	/home/nima/Developer/taint-benchmarks/alfresco-community-repo/core/src/main/java/org/alfresco/scripts/ScriptResourceHelper.java
org.alfresco.util.PathMapper	/home/nima/Developer/taint-benchmarks/alfresco-community-repo/core/src/main/java/org/alfresco/util/PathMapper.java
org.alfresco.query.EmptyCannedQueryResults	/home/nima/Developer/taint-benchmarks/alfresco-community-repo/core/src/main/java/org/alfresco/query/EmptyCannedQueryResults.java
org.alfresco.i18n.ResourceBundleBootstrapComponent	/home/nima/Developer/taint-benchmarks/alfresco-community-repo/core/src/main/java/org/alfresco/i18n/ResourceBundleBootstrapComponent.java
org.alfresco.util.LogTee	/home/nima/Developer/taint-benchmarks/alfresco-community-repo/core/src/main/java/org/alfresco/util/LogTee.java
org.alfresco.util.cache.DefaultAsynchronouslyRefreshedCacheRegistry	/home/nima/Developer/taint-benchmarks/alfresco-community-repo/core/src/main/java/org/alfresco/util/cache/DefaultAsynchronouslyRefreshedCacheRegistry.java
org.alfresco.encryption.DecryptingInputStream	/home/nima/Developer/taint-benchmarks/alfresco-community-repo/core/src/main/java/org/alfresco/encryption/DecryptingInputStream.java
org.alfresco.config.JndiObjectFactoryBean	/home/nima/Developer/taint-benchmarks/alfresco-community-repo/core/src/main/java/org/alfresco/config/JndiObjectFactoryBean.java
org.alfresco.util.cache.RefreshableCacheRefreshedEvent	/home/nima/Developer/taint-benchmarks/alfresco-community-repo/core/src/main/java/org/alfresco/util/cache/RefreshableCacheRefreshedEvent.java
org.alfresco.encryption.AlfrescoKeyStoreImpl	/home/nima/Developer/taint-benchmarks/alfresco-community-repo/core/src/main/java/org/alfresco/encryption/AlfrescoKeyStoreImpl.java
org.alfresco.encryption.AlfrescoKeyStoreImpl$KeyInformation	/home/nima/Developer/taint-benchmarks/alfresco-community-repo/core/src/main/java/org/alfresco/encryption/AlfrescoKeyStoreImpl.java
org.alfresco.encryption.AlfrescoKeyStoreImpl$KeyInfoManager	/home/nima/Developer/taint-benchmarks/alfresco-community-repo/core/src/main/java/org/alfresco/encryption/AlfrescoKeyStoreImpl.java
org.alfresco.config.AlfrescoPropertiesPersister	/home/nima/Developer/taint-benchmarks/alfresco-community-repo/core/src/main/java/org/alfresco/config/AlfrescoPropertiesPersister.java
org.alfresco.util.VersionNumber	/home/nima/Developer/taint-benchmarks/alfresco-community-repo/core/src/main/java/org/alfresco/util/VersionNumber.java
org.alfresco.query.PageDetails	/home/nima/Developer/taint-benchmarks/alfresco-community-repo/core/src/main/java/org/alfresco/query/PageDetails.java
org.alfresco.httpclient.PostRequest	/home/nima/Developer/taint-benchmarks/alfresco-community-repo/core/src/main/java/org/alfresco/httpclient/PostRequest.java
org.alfresco.util.MD5	/home/nima/Developer/taint-benchmarks/alfresco-community-repo/core/src/main/java/org/alfresco/util/MD5.java
org.alfresco.encryption.ssl.AuthSSLInitializationError	/home/nima/Developer/taint-benchmarks/alfresco-community-repo/core/src/main/java/org/alfresco/encryption/ssl/AuthSSLInitializationError.java
org.alfresco.util.DynamicallySizedThreadPoolExecutor	/home/nima/Developer/taint-benchmarks/alfresco-community-repo/core/src/main/java/org/alfresco/util/DynamicallySizedThreadPoolExecutor.java
